Timestamp,Shout-out!
9/17/2025 19:02:11,shoutout to the board for pulling off the first GM of the year!!
9/17/2025 19:03:40,Jamie for driving three carloads to the retreat
9/17/2025 19:04:05,WHOEVER MADE THE BROWNIES I LOVE YOU
9/17/2025 19:05:52,priya's karaoke rendition of mr brightside
9/17/2025 19:06:30,the freshmen for surviving orientation week 🎉
9/17/2025 19:07:14,sam and lee for the FIRE tailgate playlist
9/17/2025 19:08:47,"to my sibfam,
you are the best people on this campus and i mean it"
9/17/2025 19:09:20,cheese
9/17/2025 19:10:03,shoutout to alex for finally fixing the go link
9/17/2025 19:11:55,THE MERCH DROP IS SO CLEAN
9/17/2025 19:12:31,morgan for staying up till 3am on the conference budget 🫡
9/17/2025 19:13:09,everyone who showed up to the 8am meeting. heroes.
9/17/2025 19:14:44,taylor's dog
9/17/2025 19:15:27,shoutout to the community team for retreat planning since JULY
